{"learner":{"attributes":{"best_iteration":"19","best_ntree_limit":"20"},"feature_names":["radial_position","E_left","E_center","E_right","E_sum","E_max","E_asym","hit_time","t_rel","hit_duration"],"feature_types":["float","int","int","int","int","int","int","float","float","float"],"gradient_booster":{"model":{"gbtree_model_param":{"num_parallel_tree":"1","num_trees":"20","size_leaf_vector":"0"},"tree_info":[0,0,0,0,0,0,0,0,0,0,0,0,0,0,0,0,0,0,0,0],"trees":[{"base_weights":[-5.836826E-3,1.7150244E0,-1.0488099E0,1.9093834E0,1.3495053E0,6.445856E-2,-1.5606304E0],"categories":[],"categories_nodes":[],"categories_segments":[],"categories_sizes":[],"default_left":[1,1,1,0,0,0,0],"id":0,"left_children":[1,3,5,-1,-1,-1,-1],"loss_changes":[1.1651121E5,1.7377266E3,2.3030434E4,0E0,0E0,0E0,0E0],"parents":[2147483647,0,0,1,1,2,2],"right_children":[2,4,6,-1,-1,-1,-1],"split_conditions":[1.3787085E2,2.2064294E2,2.1912497E2,1.9093834E-1,1.3495053E-1,6.445856E-3,-1.5606305E-1],"split_indices":[9,7,7,0,0,0,0],"split_type":[0,0,0,0,0,0,0],"sum_hessian":[6.491355E4,2.449583E4,4.0417723E4,1.598946E4,8.506371E3,1.2729805E4,2.7687918E4],"tree_param":{"num_deleted":"0","num_feature":"10","num_nodes":"7","size_leaf_vector":"0"}},{"base_weights":[-5.012736E-3,9.793085E-1,-7.775588E-1,-9.1304225E-1,1.6500033E0,-9.28136E-1,9.435943E-3],"categories":[],"categories_nodes":[],"categories_segments":[],"categories_sizes":[],"default_left":[1,1,1,0,0,0,0],"id":1,"left_children":[1,3,5,-1,-1,-1,-1],"loss_changes":[4.9159492E4,3.608081E4,4.292158E3,0E0,0E0,0E0,0E0],"parents":[2147483647,0,0,1,1,2,2],"right_children":[2,4,6,-1,-1,-1,-1],"split_conditions":[2.2186592E2,1.808312E2,6.5E0,-9.130423E-2,1.6500033E-1,-9.28136E-2,9.435943E-4],"split_indices":[7,7,4,0,0,0,0],"split_type":[0,0,0,0,0,0,0],"sum_hessian":[6.4644664E4,2.8426037E4,3.6218625E4,7.438398E3,2.0987639E4,3.0401645E4,5.816982E3],"tree_param":{"num_deleted":"0","num_feature":"10","num_nodes":"7","size_leaf_vector":"0"}},{"base_weights":[4.1202093E-3,1.494358E0,-9.2495376E-1,1.5535275E0,6.1174345E-1,3.749616E-3,-1.3518472E0],"categories":[],"categories_nodes":[],"categories_segments":[],"categories_sizes":[],"default_left":[1,1,1,0,0,0,0],"id":2,"left_children":[1,3,5,-1,-1,-1,-1],"loss_changes":[8.911289E4,1.2898555E3,1.5717922E4,0E0,0E0,0E0,0E0],"parents":[2147483647,0,0,1,1,2,2],"right_children":[2,4,6,-1,-1,-1,-1],"split_conditions":[1.4261015E2,1.2832281E2,1.9792846E-1,1.5535276E-1,6.1174344E-2,3.7496162E-4,-1.3518472E-1],"split_indices":[9,9,8,0,0,0,0],"split_type":[0,0,0,0,0,0,0],"sum_hessian":[6.436077E4,2.4715852E4,3.9644918E4,2.3162316E4,1.5535363E3,1.2484966E4,2.7159953E4],"tree_param":{"num_deleted":"0","num_feature":"10","num_nodes":"7","size_leaf_vector":"0"}},{"base_weights":[-8.365418E-3,8.297467E-1,-6.6140515E-1,-8.8958997E-1,1.4505286E0,-7.568082E-1,4.0937752E-1],"categories":[],"categories_nodes":[],"categories_segments":[],"categories_sizes":[],"default_left":[1,1,1,0,0,0,0],"id":3,"left_children":[1,3,5,-1,-1,-1,-1],"loss_changes":[3.436448E4,2.9349785E4,3.6053672E3,0E0,0E0,0E0,0E0],"parents":[2147483647,0,0,1,1,2,2],"right_children":[2,4,6,-1,-1,-1,-1],"split_conditions":[2.1933078E2,1.7831456E2,7.5E0,-8.8959E-2,1.4505287E-1,-7.568082E-2,4.093775E-2],"split_indices":[7,7,4,0,0,0,0],"split_type":[0,0,0,0,0,0,0],"sum_hessian":[6.2784754E4,2.7496033E4,3.5288723E4,7.2939775E3,2.0202057E4,3.2402098E4,2.8866233E3],"tree_param":{"num_deleted":"0","num_feature":"10","num_nodes":"7","size_leaf_vector":"0"}},{"base_weights":[-1.1081954E-2,7.63473E-1,-6.07354E-1,-7.826847E-1,1.3563898E0,-7.963653E-1,-1.3677569E-1],"categories":[],"categories_nodes":[],"categories_segments":[],"categories_sizes":[],"default_left":[1,1,1,0,0,0,0],"id":4,"left_children":[1,3,5,-1,-1,-1,-1],"loss_changes":[2.8446342E4,2.4561672E4,3.0953057E3,0E0,0E0,0E0,0E0],"parents":[2147483647,0,0,1,1,2,2],"right_children":[2,4,6,-1,-1,-1,-1],"split_conditions":[2.1948318E2,1.8081924E2,5.5E0,-7.826847E-2,1.3563898E-1,-7.963654E-2,-1.3677569E-2],"split_indices":[7,7,4,0,0,0,0],"split_type":[0,0,0,0,0,0,0],"sum_hessian":[6.159077E4,2.6790168E4,3.48006E4,7.4257114E3,1.9364457E4,2.4827682E4,9.97292E3],"tree_param":{"num_deleted":"0","num_feature":"10","num_nodes":"7","size_leaf_vector":"0"}},{"base_weights":[5.9599145E-3,1.3379136E0,-8.109581E-1,1.4053941E0,6.474034E-1,-7.976271E-2,-1.1571916E0],"categories":[],"categories_nodes":[],"categories_segments":[],"categories_sizes":[],"default_left":[1,1,1,0,0,0,0],"id":5,"left_children":[1,3,5,-1,-1,-1,-1],"loss_changes":[6.661884E4,1.083625E3,9.607416E3,0E0,0E0,0E0,0E0],"parents":[2147483647,0,0,1,1,2,2],"right_children":[2,4,6,-1,-1,-1,-1],"split_conditions":[1.4261015E2,1.2497361E2,2.1956503E2,1.4053941E-1,6.4740345E-2,-7.976271E-3,-1.1571916E-1],"split_indices":[9,9,7,0,0,0,0],"split_type":[0,0,0,0,0,0,0],"sum_hessian":[6.12231E4,2.3274416E4,3.7948688E4,2.1201457E4,2.0729602E3,1.2195269E4,2.5753418E4],"tree_param":{"num_deleted":"0","num_feature":"10","num_nodes":"7","size_leaf_vector":"0"}},{"base_weights":[3.4186323E-3,1.2467073E0,-7.503988E-1,1.3342166E0,6.831397E-1,-9.563844E-2,-1.06961E0],"categories":[],"categories_nodes":[],"categories_segments":[],"categories_sizes":[],"default_left":[1,1,1,0,0,0,0],"id":6,"left_children":[1,3,5,-1,-1,-1,-1],"loss_changes":[5.571808E4,1.1057734E3,7.735416E3,0E0,0E0,0E0,0E0],"parents":[2147483647,0,0,1,1,2,2],"right_children":[2,4,6,-1,-1,-1,-1],"split_conditions":[1.4355731E2,1.1982222E2,2.2291821E2,1.3342166E-1,6.831397E-2,-9.563844E-3,-1.06961004E-1],"split_indices":[9,9,7,0,0,0,0],"split_type":[0,0,0,0,0,0,0],"sum_hessian":[5.9448844E4,2.243901E4,3.7009836E4,1.9421865E4,3.017144E3,1.2130097E4,2.4879738E4],"tree_param":{"num_deleted":"0","num_feature":"10","num_nodes":"7","size_leaf_vector":"0"}},{"base_weights":[6.859313E-4,6.1667144E-1,-4.7078577E-1,-7.225614E-1,1.193541E0,-3.1876767E-1,-9.637828E-1],"categories":[],"categories_nodes":[],"categories_segments":[],"categories_sizes":[],"default_left":[1,1,1,0,0,0,0],"id":7,"left_children":[1,3,5,-1,-1,-1,-1],"loss_changes":[1.6689947E4,1.924977E4,2.4393384E3,0E0,0E0,0E0,0E0],"parents":[2147483647,0,0,1,1,2,2],"right_children":[2,4,6,-1,-1,-1,-1],"split_conditions":[2.2291821E2,1.8214346E2,3.5431546E2,-7.225614E-2,1.1935411E-1,-3.187677E-2,-9.637828E-2],"split_indices":[7,7,0,0,0,0,0],"split_type":[0,0,0,0,0,0,0],"sum_hessian":[5.7466367E4,2.4914654E4,3.2551713E4,7.5008315E3,1.7413822E4,2.4881137E4,7.670576E3],"tree_param":{"num_deleted":"0","num_feature":"10","num_nodes":"7","size_leaf_vector":"0"}},{"base_weights":[1.0012292E-2,5.866638E-1,-4.1604236E-1,-6.737441E-1,1.140414E0,-5.0009114E-1,4.7434995E-1],"categories":[],"categories_nodes":[],"categories_segments":[],"categories_sizes":[],"default_left":[1,1,1,0,0,0,0],"id":8,"left_children":[1,3,5,-1,-1,-1,-1],"loss_changes":[1.3944249E4,1.6832658E4,2.442933E3,0E0,0E0,0E0,0E0],"parents":[2147483647,0,0,1,1,2,2],"right_children":[2,4,6,-1,-1,-1,-1],"split_conditions":[2.1936578E2,1.808312E2,7.5E0,-6.737441E-2,1.140414E-1,-5.0009113E-2,4.7434997E-2],"split_indices":[7,7,4,0,0,0,0],"split_type":[0,0,0,0,0,0,0],"sum_hessian":[5.6754613E4,2.4115148E4,3.2639467E4,7.3607964E3,1.6754352E4,2.9824604E4,2.814863E3],"tree_param":{"num_deleted":"0","num_feature":"10","num_nodes":"7","size_leaf_vector":"0"}},{"base_weights":[6.799721E-3,1.1479858E0,-6.696161E-1,1.2459074E0,5.8999646E-1,-1.4795928E-1,-9.3042654E-1],"categories":[],"categories_nodes":[],"categories_segments":[],"categories_sizes":[],"default_left":[1,1,1,0,0,0,0],"id":9,"left_children":[1,3,5,-1,-1,-1,-1],"loss_changes":[4.270524E4,1.1242051E3,4.7256973E3,0E0,0E0,0E0,0E0],"parents":[2147483647,0,0,1,1,2,2],"right_children":[2,4,6,-1,-1,-1,-1],"split_conditions":[1.4670605E2,1.2020314E2,2.2251747E2,1.2459075E-1,5.8999646E-2,-1.4795928E-2,-9.304266E-2],"split_indices":[9,9,7,0,0,0,0],"split_type":[0,0,0,0,0,0,0],